Model,Accuracy,AUC,Precision,Recall,F1,MCC
Logistic Regression,1.0,1.0,1.0,1.0,1.0,1.0
Decision Tree,1.0,1.0,1.0,1.0,1.0,1.0
kNN,0.9444444444444444,0.9979012345679013,1.0,0.8888888888888888,0.9411764705882353,0.8944271909999159
Naive Bayes,1.0,1.0,1.0,1.0,1.0,1.0
Random Forest,1.0,1.0,1.0,1.0,1.0,1.0
XGBoost,1.0,1.0,1.0,1.0,1.0,1.0
